x,y,z,nuFissRate,nuFissRateRelError,scalarFlux,scalarFluxRelError
0.0,0.835888,1.778,0.005849504,1.2405631415010776,0.1122643,0.597991614549734
0.00636137,0.42521,1.778,0.005849504,1.2405631415010776,0.1122643,0.597991614549734
0.36195,0.626916,1.778,0.005849504,1.2405631415010776,0.1122643,0.597991614549734
0.0,0.835888,0.0,0.005849504,1.2405631415010776,0.1122643,0.597991614549734
0.00636137,0.42521,0.0,0.005849504,1.2405631415010776,0.1122643,0.597991614549734
0.36195,0.626916,0.0,0.005849504,1.2405631415010776,0.1122643,0.597991614549734
0.368245,0.217017,1.778,0.005849504,1.2405631415010776,0.1122643,0.597991614549734
0.7239,0.417944,1.778,0.005849504,1.2405631415010776,0.1122643,0.597991614549734
0.368245,0.217017,0.0,0.005849504,1.2405631415010776,0.1122643,0.597991614549734
0.7239,0.417944,0.0,0.005849504,1.2405631415010776,0.1122643,0.597991614549734
-0.364276,0.218077,1.778,0.005849504,1.2405631415010776,0.1122643,0.597991614549734
-0.36195,0.626916,1.778,0.005849504,1.2405631415010776,0.1122643,0.597991614549734
-0.364276,0.218077,0.0,0.005849504,1.2405631415010776,0.1122643,0.597991614549734
-0.36195,0.626916,0.0,0.005849504,1.2405631415010776,0.1122643,0.597991614549734
-0.7239,0.417944,1.778,0.005849504,1.2405631415010776,0.1122643,0.597991614549734
-0.7239,0.417944,0.0,0.005849504,1.2405631415010776,0.1122643,0.597991614549734
-0.381395,-0.208972,1.778,0.005849504,1.2405631415010776,0.1122643,0.597991614549734
-0.7239,5.55112e-17,1.778,0.005849504,1.2405631415010776,0.1122643,0.597991614549734
-0.7239,-0.417944,1.778,0.005849504,1.2405631415010776,0.1122643,0.597991614549734
-0.381395,-0.208972,0.0,0.005849504,1.2405631415010776,0.1122643,0.597991614549734
-0.7239,5.55112e-17,0.0,0.005849504,1.2405631415010776,0.1122643,0.597991614549734
-0.7239,-0.417944,0.0,0.005849504,1.2405631415010776,0.1122643,0.597991614549734
0.0,-0.835888,1.778,0.005849504,1.2405631415010776,0.1122643,0.597991614549734
-0.00972244,-0.434784,1.778,0.005849504,1.2405631415010776,0.1122643,0.597991614549734
-0.36195,-0.626916,1.778,0.005849504,1.2405631415010776,0.1122643,0.597991614549734
0.0,-0.835888,0.0,0.005849504,1.2405631415010776,0.1122643,0.597991614549734
-0.00972244,-0.434784,0.0,0.005849504,1.2405631415010776,0.1122643,0.597991614549734
-0.36195,-0.626916,0.0,0.005849504,1.2405631415010776,0.1122643,0.597991614549734
0.371672,-0.225812,1.778,0.005849504,1.2405631415010776,0.1122643,0.597991614549734
0.36195,-0.626916,1.778,0.005849504,1.2405631415010776,0.1122643,0.597991614549734
0.371672,-0.225812,0.0,0.005849504,1.2405631415010776,0.1122643,0.597991614549734
0.36195,-0.626916,0.0,0.005849504,1.2405631415010776,0.1122643,0.597991614549734
0.7239,-0.417944,1.778,0.005849504,1.2405631415010776,0.1122643,0.597991614549734
0.7239,-0.417944,0.0,0.005849504,1.2405631415010776,0.1122643,0.597991614549734
0.7239,-5.55112e-17,1.778,0.005849504,1.2405631415010776,0.1122643,0.597991614549734
0.7239,-5.55112e-17,0.0,0.005849504,1.2405631415010776,0.1122643,0.597991614549734
0.00909704,-0.0185493,1.778,0.005849504,1.2405631415010776,0.1122643,0.597991614549734
0.00909704,-0.0185493,0.0,0.005849504,1.2405631415010776,0.1122643,0.597991614549734
0.0,0.835888,3.556,0.01133833,0.34428016390249144,0.1899484,0.6118709202517555
0.00636137,0.42521,3.556,0.01133833,0.34428016390249144,0.1899484,0.6118709202517555
0.36195,0.626916,3.556,0.01133833,0.34428016390249144,0.1899484,0.6118709202517555
0.0,0.835888,1.778,0.01133833,0.34428016390249144,0.1899484,0.6118709202517555
0.00636137,0.42521,1.778,0.01133833,0.34428016390249144,0.1899484,0.6118709202517555
0.36195,0.626916,1.778,0.01133833,0.34428016390249144,0.1899484,0.6118709202517555
0.368245,0.217017,3.556,0.01133833,0.34428016390249144,0.1899484,0.6118709202517555
0.7239,0.417944,3.556,0.01133833,0.34428016390249144,0.1899484,0.6118709202517555
0.368245,0.217017,1.778,0.01133833,0.34428016390249144,0.1899484,0.6118709202517555
0.7239,0.417944,1.778,0.01133833,0.34428016390249144,0.1899484,0.6118709202517555
-0.364276,0.218077,3.556,0.01133833,0.34428016390249144,0.1899484,0.6118709202517555
-0.36195,0.626916,3.556,0.01133833,0.34428016390249144,0.1899484,0.6118709202517555
-0.364276,0.218077,1.778,0.01133833,0.34428016390249144,0.1899484,0.6118709202517555
-0.36195,0.626916,1.778,0.01133833,0.34428016390249144,0.1899484,0.6118709202517555
-0.7239,0.417944,3.556,0.01133833,0.34428016390249144,0.1899484,0.6118709202517555
-0.7239,0.417944,1.778,0.01133833,0.34428016390249144,0.1899484,0.6118709202517555
-0.381395,-0.208972,3.556,0.01133833,0.34428016390249144,0.1899484,0.6118709202517555
-0.7239,5.55112e-17,3.556,0.01133833,0.34428016390249144,0.1899484,0.6118709202517555
-0.7239,-0.417944,3.556,0.01133833,0.34428016390249144,0.1899484,0.6118709202517555
-0.381395,-0.208972,1.778,0.01133833,0.34428016390249144,0.1899484,0.6118709202517555
-0.7239,5.55112e-17,1.778,0.01133833,0.34428016390249144,0.1899484,0.6118709202517555
-0.7239,-0.417944,1.778,0.01133833,0.34428016390249144,0.1899484,0.6118709202517555
0.0,-0.835888,3.556,0.01133833,0.34428016390249144,0.1899484,0.6118709202517555
-0.00972244,-0.434784,3.556,0.01133833,0.34428016390249144,0.1899484,0.6118709202517555
-0.36195,-0.626916,3.556,0.01133833,0.34428016390249144,0.1899484,0.6118709202517555
0.0,-0.835888,1.778,0.01133833,0.34428016390249144,0.1899484,0.6118709202517555
-0.00972244,-0.434784,1.778,0.01133833,0.34428016390249144,0.1899484,0.6118709202517555
-0.36195,-0.626916,1.778,0.01133833,0.34428016390249144,0.1899484,0.6118709202517555
0.371672,-0.225812,3.556,0.01133833,0.34428016390249144,0.1899484,0.6118709202517555
0.36195,-0.626916,3.556,0.01133833,0.34428016390249144,0.1899484,0.6118709202517555
0.371672,-0.225812,1.778,0.01133833,0.34428016390249144,0.1899484,0.6118709202517555
0.36195,-0.626916,1.778,0.01133833,0.34428016390249144,0.1899484,0.6118709202517555
0.7239,-0.417944,3.556,0.01133833,0.34428016390249144,0.1899484,0.6118709202517555
0.7239,-0.417944,1.778,0.01133833,0.34428016390249144,0.1899484,0.6118709202517555
0.7239,-5.55112e-17,3.556,0.01133833,0.34428016390249144,0.1899484,0.6118709202517555
0.7239,-5.55112e-17,1.778,0.01133833,0.34428016390249144,0.1899484,0.6118709202517555
0.00909704,-0.0185493,3.556,0.01133833,0.34428016390249144,0.1899484,0.6118709202517555
0.00909704,-0.0185493,1.778,0.01133833,0.34428016390249144,0.1899484,0.6118709202517555
0.0,0.835888,5.334,0.01588746,0.8189722764585426,0.2572723,0.8176347484164808
0.00636137,0.42521,5.334,0.01588746,0.8189722764585426,0.2572723,0.8176347484164808
0.36195,0.626916,5.334,0.01588746,0.8189722764585426,0.2572723,0.8176347484164808
0.0,0.835888,3.556,0.01588746,0.8189722764585426,0.2572723,0.8176347484164808
0.00636137,0.42521,3.556,0.01588746,0.8189722764585426,0.2572723,0.8176347484164808
0.36195,0.626916,3.556,0.01588746,0.8189722764585426,0.2572723,0.8176347484164808
0.368245,0.217017,5.334,0.01588746,0.8189722764585426,0.2572723,0.8176347484164808
0.7239,0.417944,5.334,0.01588746,0.8189722764585426,0.2572723,0.8176347484164808
0.368245,0.217017,3.556,0.01588746,0.8189722764585426,0.2572723,0.8176347484164808
0.7239,0.417944,3.556,0.01588746,0.8189722764585426,0.2572723,0.8176347484164808
-0.364276,0.218077,5.334,0.01588746,0.8189722764585426,0.2572723,0.8176347484164808
-0.36195,0.626916,5.334,0.01588746,0.8189722764585426,0.2572723,0.8176347484164808
-0.364276,0.218077,3.556,0.01588746,0.8189722764585426,0.2572723,0.8176347484164808
-0.36195,0.626916,3.556,0.01588746,0.8189722764585426,0.2572723,0.8176347484164808
-0.7239,0.417944,5.334,0.01588746,0.8189722764585426,0.2572723,0.8176347484164808
-0.7239,0.417944,3.556,0.01588746,0.8189722764585426,0.2572723,0.8176347484164808
-0.381395,-0.208972,5.334,0.01588746,0.8189722764585426,0.2572723,0.8176347484164808
-0.7239,5.55112e-17,5.334,0.01588746,0.8189722764585426,0.2572723,0.8176347484164808
-0.7239,-0.417944,5.334,0.01588746,0.8189722764585426,0.2572723,0.8176347484164808
-0.381395,-0.208972,3.556,0.01588746,0.8189722764585426,0.2572723,0.8176347484164808
-0.7239,5.55112e-17,3.556,0.01588746,0.8189722764585426,0.2572723,0.8176347484164808
-0.7239,-0.417944,3.556,0.01588746,0.8189722764585426,0.2572723,0.8176347484164808
0.0,-0.835888,5.334,0.01588746,0.8189722764585426,0.2572723,0.8176347484164808
-0.00972244,-0.434784,5.334,0.01588746,0.8189722764585426,0.2572723,0.8176347484164808
-0.36195,-0.626916,5.334,0.01588746,0.8189722764585426,0.2572723,0.8176347484164808
0.0,-0.835888,3.556,0.01588746,0.8189722764585426,0.2572723,0.8176347484164808
-0.00972244,-0.434784,3.556,0.01588746,0.8189722764585426,0.2572723,0.8176347484164808
-0.36195,-0.626916,3.556,0.01588746,0.8189722764585426,0.2572723,0.8176347484164808
0.371672,-0.225812,5.334,0.01588746,0.8189722764585426,0.2572723,0.8176347484164808
0.36195,-0.626916,5.334,0.01588746,0.8189722764585426,0.2572723,0.8176347484164808
0.371672,-0.225812,3.556,0.01588746,0.8189722764585426,0.2572723,0.8176347484164808
0.36195,-0.626916,3.556,0.01588746,0.8189722764585426,0.2572723,0.8176347484164808
0.7239,-0.417944,5.334,0.01588746,0.8189722764585426,0.2572723,0.8176347484164808
0.7239,-0.417944,3.556,0.01588746,0.8189722764585426,0.2572723,0.8176347484164808
0.7239,-5.55112e-17,5.334,0.01588746,0.8189722764585426,0.2572723,0.8176347484164808
0.7239,-5.55112e-17,3.556,0.01588746,0.8189722764585426,0.2572723,0.8176347484164808
0.00909704,-0.0185493,5.334,0.01588746,0.8189722764585426,0.2572723,0.8176347484164808
0.00909704,-0.0185493,3.556,0.01588746,0.8189722764585426,0.2572723,0.8176347484164808
0.0,0.835888,7.112,0.01986452,0.3538560925880972,0.3177408,0.6831723743447842
0.00636137,0.42521,7.112,0.01986452,0.3538560925880972,0.3177408,0.6831723743447842
0.36195,0.626916,7.112,0.01986452,0.3538560925880972,0.3177408,0.6831723743447842
0.0,0.835888,5.334,0.01986452,0.3538560925880972,0.3177408,0.6831723743447842
0.00636137,0.42521,5.334,0.01986452,0.3538560925880972,0.3177408,0.6831723743447842
0.36195,0.626916,5.334,0.01986452,0.3538560925880972,0.3177408,0.6831723743447842
0.368245,0.217017,7.112,0.01986452,0.3538560925880972,0.3177408,0.6831723743447842
0.7239,0.417944,7.112,0.01986452,0.3538560925880972,0.3177408,0.6831723743447842
0.368245,0.217017,5.334,0.01986452,0.3538560925880972,0.3177408,0.6831723743447842
0.7239,0.417944,5.334,0.01986452,0.3538560925880972,0.3177408,0.6831723743447842
-0.364276,0.218077,7.112,0.01986452,0.3538560925880972,0.3177408,0.6831723743447842
-0.36195,0.626916,7.112,0.01986452,0.3538560925880972,0.3177408,0.6831723743447842
-0.364276,0.218077,5.334,0.01986452,0.3538560925880972,0.3177408,0.6831723743447842
-0.36195,0.626916,5.334,0.01986452,0.3538560925880972,0.3177408,0.6831723743447842
-0.7239,0.417944,7.112,0.01986452,0.3538560925880972,0.3177408,0.6831723743447842
-0.7239,0.417944,5.334,0.01986452,0.3538560925880972,0.3177408,0.6831723743447842
-0.381395,-0.208972,7.112,0.01986452,0.3538560925880972,0.3177408,0.6831723743447842
-0.7239,5.55112e-17,7.112,0.01986452,0.3538560925880972,0.3177408,0.6831723743447842
-0.7239,-0.417944,7.112,0.01986452,0.3538560925880972,0.3177408,0.6831723743447842
-0.381395,-0.208972,5.334,0.01986452,0.3538560925880972,0.3177408,0.6831723743447842
-0.7239,5.55112e-17,5.334,0.01986452,0.3538560925880972,0.3177408,0.6831723743447842
-0.7239,-0.417944,5.334,0.01986452,0.3538560925880972,0.3177408,0.6831723743447842
0.0,-0.835888,7.112,0.01986452,0.3538560925880972,0.3177408,0.6831723743447842
-0.00972244,-0.434784,7.112,0.01986452,0.3538560925880972,0.3177408,0.6831723743447842
-0.36195,-0.626916,7.112,0.01986452,0.3538560925880972,0.3177408,0.6831723743447842
0.0,-0.835888,5.334,0.01986452,0.3538560925880972,0.3177408,0.6831723743447842
-0.00972244,-0.434784,5.334,0.01986452,0.3538560925880972,0.3177408,0.6831723743447842
-0.36195,-0.626916,5.334,0.01986452,0.3538560925880972,0.3177408,0.6831723743447842
0.371672,-0.225812,7.112,0.01986452,0.3538560925880972,0.3177408,0.6831723743447842
0.36195,-0.626916,7.112,0.01986452,0.3538560925880972,0.3177408,0.6831723743447842
0.371672,-0.225812,5.334,0.01986452,0.3538560925880972,0.3177408,0.6831723743447842
0.36195,-0.626916,5.334,0.01986452,0.3538560925880972,0.3177408,0.6831723743447842
0.7239,-0.417944,7.112,0.01986452,0.3538560925880972,0.3177408,0.6831723743447842
0.7239,-0.417944,5.334,0.01986452,0.3538560925880972,0.3177408,0.6831723743447842
0.7239,-5.55112e-17,7.112,0.01986452,0.3538560925880972,0.3177408,0.6831723743447842
0.7239,-5.55112e-17,5.334,0.01986452,0.3538560925880972,0.3177408,0.6831723743447842
0.00909704,-0.0185493,7.112,0.01986452,0.3538560925880972,0.3177408,0.6831723743447842
0.00909704,-0.0185493,5.334,0.01986452,0.3538560925880972,0.3177408,0.6831723743447842
0.0,0.835888,8.89,0.02331386,0.6413908884135688,0.3709551,0.5883429904545677
0.00636137,0.42521,8.89,0.02331386,0.6413908884135688,0.3709551,0.5883429904545677
0.36195,0.626916,8.89,0.02331386,0.6413908884135688,0.3709551,0.5883429904545677
0.0,0.835888,7.112,0.02331386,0.6413908884135688,0.3709551,0.5883429904545677
0.00636137,0.42521,7.112,0.02331386,0.6413908884135688,0.3709551,0.5883429904545677
0.36195,0.626916,7.112,0.02331386,0.6413908884135688,0.3709551,0.5883429904545677
0.368245,0.217017,8.89,0.02331386,0.6413908884135688,0.3709551,0.5883429904545677
0.7239,0.417944,8.89,0.02331386,0.6413908884135688,0.3709551,0.5883429904545677
0.368245,0.217017,7.112,0.02331386,0.6413908884135688,0.3709551,0.5883429904545677
0.7239,0.417944,7.112,0.02331386,0.6413908884135688,0.3709551,0.5883429904545677
-0.364276,0.218077,8.89,0.02331386,0.6413908884135688,0.3709551,0.5883429904545677
-0.36195,0.626916,8.89,0.02331386,0.6413908884135688,0.3709551,0.5883429904545677
-0.364276,0.218077,7.112,0.02331386,0.6413908884135688,0.3709551,0.5883429904545677
-0.36195,0.626916,7.112,0.02331386,0.6413908884135688,0.3709551,0.5883429904545677
-0.7239,0.417944,8.89,0.02331386,0.6413908884135688,0.3709551,0.5883429904545677
-0.7239,0.417944,7.112,0.02331386,0.6413908884135688,0.3709551,0.5883429904545677
-0.381395,-0.208972,8.89,0.02331386,0.6413908884135688,0.3709551,0.5883429904545677
-0.7239,5.55112e-17,8.89,0.02331386,0.6413908884135688,0.3709551,0.5883429904545677
-0.7239,-0.417944,8.89,0.02331386,0.6413908884135688,0.3709551,0.5883429904545677
-0.381395,-0.208972,7.112,0.02331386,0.6413908884135688,0.3709551,0.5883429904545677
-0.7239,5.55112e-17,7.112,0.02331386,0.6413908884135688,0.3709551,0.5883429904545677
-0.7239,-0.417944,7.112,0.02331386,0.6413908884135688,0.3709551,0.5883429904545677
0.0,-0.835888,8.89,0.02331386,0.6413908884135688,0.3709551,0.5883429904545677
-0.00972244,-0.434784,8.89,0.02331386,0.6413908884135688,0.3709551,0.5883429904545677
-0.36195,-0.626916,8.89,0.02331386,0.6413908884135688,0.3709551,0.5883429904545677
0.0,-0.835888,7.112,0.02331386,0.6413908884135688,0.3709551,0.5883429904545677
-0.00972244,-0.434784,7.112,0.02331386,0.6413908884135688,0.3709551,0.5883429904545677
-0.36195,-0.626916,7.112,0.02331386,0.6413908884135688,0.3709551,0.5883429904545677
0.371672,-0.225812,8.89,0.02331386,0.6413908884135688,0.3709551,0.5883429904545677
0.36195,-0.626916,8.89,0.02331386,0.6413908884135688,0.3709551,0.5883429904545677
0.371672,-0.225812,7.112,0.02331386,0.6413908884135688,0.3709551,0.5883429904545677
0.36195,-0.626916,7.112,0.02331386,0.6413908884135688,0.3709551,0.5883429904545677
0.7239,-0.417944,8.89,0.02331386,0.6413908884135688,0.3709551,0.5883429904545677
0.7239,-0.417944,7.112,0.02331386,0.6413908884135688,0.3709551,0.5883429904545677
0.7239,-5.55112e-17,8.89,0.02331386,0.6413908884135688,0.3709551,0.5883429904545677
0.7239,-5.55112e-17,7.112,0.02331386,0.6413908884135688,0.3709551,0.5883429904545677
0.00909704,-0.0185493,8.89,0.02331386,0.6413908884135688,0.3709551,0.5883429904545677
0.00909704,-0.0185493,7.112,0.02331386,0.6413908884135688,0.3709551,0.5883429904545677
0.0,0.835888,10.668,0.02622638,0.3843512732901309,0.4164534,0.2739279542876809
0.00636137,0.42521,10.668,0.02622638,0.3843512732901309,0.4164534,0.2739279542876809
0.36195,0.626916,10.668,0.02622638,0.3843512732901309,0.4164534,0.2739279542876809
0.0,0.835888,8.89,0.02622638,0.3843512732901309,0.4164534,0.2739279542876809
0.00636137,0.42521,8.89,0.02622638,0.3843512732901309,0.4164534,0.2739279542876809
0.36195,0.626916,8.89,0.02622638,0.3843512732901309,0.4164534,0.2739279542876809
0.368245,0.217017,10.668,0.02622638,0.3843512732901309,0.4164534,0.2739279542876809
0.7239,0.417944,10.668,0.02622638,0.3843512732901309,0.4164534,0.2739279542876809
0.368245,0.217017,8.89,0.02622638,0.3843512732901309,0.4164534,0.2739279542876809
0.7239,0.417944,8.89,0.02622638,0.3843512732901309,0.4164534,0.2739279542876809
-0.364276,0.218077,10.668,0.02622638,0.3843512732901309,0.4164534,0.2739279542876809
-0.36195,0.626916,10.668,0.02622638,0.3843512732901309,0.4164534,0.2739279542876809
-0.364276,0.218077,8.89,0.02622638,0.3843512732901309,0.4164534,0.2739279542876809
-0.36195,0.626916,8.89,0.02622638,0.3843512732901309,0.4164534,0.2739279542876809
-0.7239,0.417944,10.668,0.02622638,0.3843512732901309,0.4164534,0.2739279542876809
-0.7239,0.417944,8.89,0.02622638,0.3843512732901309,0.4164534,0.2739279542876809
-0.381395,-0.208972,10.668,0.02622638,0.3843512732901309,0.4164534,0.2739279542876809
-0.7239,5.55112e-17,10.668,0.02622638,0.3843512732901309,0.4164534,0.2739279542876809
-0.7239,-0.417944,10.668,0.02622638,0.3843512732901309,0.4164534,0.2739279542876809
-0.381395,-0.208972,8.89,0.02622638,0.3843512732901309,0.4164534,0.2739279542876809
-0.7239,5.55112e-17,8.89,0.02622638,0.3843512732901309,0.4164534,0.2739279542876809
-0.7239,-0.417944,8.89,0.02622638,0.3843512732901309,0.4164534,0.2739279542876809
0.0,-0.835888,10.668,0.02622638,0.3843512732901309,0.4164534,0.2739279542876809
-0.00972244,-0.434784,10.668,0.02622638,0.3843512732901309,0.4164534,0.2739279542876809
-0.36195,-0.626916,10.668,0.02622638,0.3843512732901309,0.4164534,0.2739279542876809
0.0,-0.835888,8.89,0.02622638,0.3843512732901309,0.4164534,0.2739279542876809
-0.00972244,-0.434784,8.89,0.02622638,0.3843512732901309,0.4164534,0.2739279542876809
-0.36195,-0.626916,8.89,0.02622638,0.3843512732901309,0.4164534,0.2739279542876809
0.371672,-0.225812,10.668,0.02622638,0.3843512732901309,0.4164534,0.2739279542876809
0.36195,-0.626916,10.668,0.02622638,0.3843512732901309,0.4164534,0.2739279542876809
0.371672,-0.225812,8.89,0.02622638,0.3843512732901309,0.4164534,0.2739279542876809
0.36195,-0.626916,8.89,0.02622638,0.3843512732901309,0.4164534,0.2739279542876809
0.7239,-0.417944,10.668,0.02622638,0.3843512732901309,0.4164534,0.2739279542876809
0.7239,-0.417944,8.89,0.02622638,0.3843512732901309,0.4164534,0.2739279542876809
0.7239,-5.55112e-17,10.668,0.02622638,0.3843512732901309,0.4164534,0.2739279542876809
0.7239,-5.55112e-17,8.89,0.02622638,0.3843512732901309,0.4164534,0.2739279542876809
0.00909704,-0.0185493,10.668,0.02622638,0.3843512732901309,0.4164534,0.2739279542876809
0.00909704,-0.0185493,8.89,0.02622638,0.3843512732901309,0.4164534,0.2739279542876809
0.0,0.835888,12.446,0.02854595,0.12570450328425575,0.4536699,0.16683728071717396
0.00636137,0.42521,12.446,0.02854595,0.12570450328425575,0.4536699,0.16683728071717396
0.36195,0.626916,12.446,0.02854595,0.12570450328425575,0.4536699,0.16683728071717396
0.0,0.835888,10.668,0.02854595,0.12570450328425575,0.4536699,0.16683728071717396
0.00636137,0.42521,10.668,0.02854595,0.12570450328425575,0.4536699,0.16683728071717396
0.36195,0.626916,10.668,0.02854595,0.12570450328425575,0.4536699,0.16683728071717396
0.368245,0.217017,12.446,0.02854595,0.12570450328425575,0.4536699,0.16683728071717396
0.7239,0.417944,12.446,0.02854595,0.12570450328425575,0.4536699,0.16683728071717396
0.368245,0.217017,10.668,0.02854595,0.12570450328425575,0.4536699,0.16683728071717396
0.7239,0.417944,10.668,0.02854595,0.12570450328425575,0.4536699,0.16683728071717396
-0.364276,0.218077,12.446,0.02854595,0.12570450328425575,0.4536699,0.16683728071717396
-0.36195,0.626916,12.446,0.02854595,0.12570450328425575,0.4536699,0.16683728071717396
-0.364276,0.218077,10.668,0.02854595,0.12570450328425575,0.4536699,0.16683728071717396
-0.36195,0.626916,10.668,0.02854595,0.12570450328425575,0.4536699,0.16683728071717396
-0.7239,0.417944,12.446,0.02854595,0.12570450328425575,0.4536699,0.16683728071717396
-0.7239,0.417944,10.668,0.02854595,0.12570450328425575,0.4536699,0.16683728071717396
-0.381395,-0.208972,12.446,0.02854595,0.12570450328425575,0.4536699,0.16683728071717396
-0.7239,5.55112e-17,12.446,0.02854595,0.12570450328425575,0.4536699,0.16683728071717396
-0.7239,-0.417944,12.446,0.02854595,0.12570450328425575,0.4536699,0.16683728071717396
-0.381395,-0.208972,10.668,0.02854595,0.12570450328425575,0.4536699,0.16683728071717396
-0.7239,5.55112e-17,10.668,0.02854595,0.12570450328425575,0.4536699,0.16683728071717396
-0.7239,-0.417944,10.668,0.02854595,0.12570450328425575,0.4536699,0.16683728071717396
0.0,-0.835888,12.446,0.02854595,0.12570450328425575,0.4536699,0.16683728071717396
-0.00972244,-0.434784,12.446,0.02854595,0.12570450328425575,0.4536699,0.16683728071717396
-0.36195,-0.626916,12.446,0.02854595,0.12570450328425575,0.4536699,0.16683728071717396
0.0,-0.835888,10.668,0.02854595,0.12570450328425575,0.4536699,0.16683728071717396
-0.00972244,-0.434784,10.668,0.02854595,0.12570450328425575,0.4536699,0.16683728071717396
-0.36195,-0.626916,10.668,0.02854595,0.12570450328425575,0.4536699,0.16683728071717396
0.371672,-0.225812,12.446,0.02854595,0.12570450328425575,0.4536699,0.16683728071717396
0.36195,-0.626916,12.446,0.02854595,0.12570450328425575,0.4536699,0.16683728071717396
0.371672,-0.225812,10.668,0.02854595,0.12570450328425575,0.4536699,0.16683728071717396
0.36195,-0.626916,10.668,0.02854595,0.12570450328425575,0.4536699,0.16683728071717396
0.7239,-0.417944,12.446,0.02854595,0.12570450328425575,0.4536699,0.16683728071717396
0.7239,-0.417944,10.668,0.02854595,0.12570450328425575,0.4536699,0.16683728071717396
0.7239,-5.55112e-17,12.446,0.02854595,0.12570450328425575,0.4536699,0.16683728071717396
0.7239,-5.55112e-17,10.668,0.02854595,0.12570450328425575,0.4536699,0.16683728071717396
0.00909704,-0.0185493,12.446,0.02854595,0.12570450328425575,0.4536699,0.16683728071717396
0.00909704,-0.0185493,10.668,0.02854595,0.12570450328425575,0.4536699,0.16683728071717396
0.0,0.835888,14.224,0.03037538,0.2073076706079618,0.4820473,0.19351449509924679
0.00636137,0.42521,14.224,0.03037538,0.2073076706079618,0.4820473,0.19351449509924679
0.36195,0.626916,14.224,0.03037538,0.2073076706079618,0.4820473,0.19351449509924679
0.0,0.835888,12.446,0.03037538,0.2073076706079618,0.4820473,0.19351449509924679
0.00636137,0.42521,12.446,0.03037538,0.2073076706079618,0.4820473,0.19351449509924679
0.36195,0.626916,12.446,0.03037538,0.2073076706079618,0.4820473,0.19351449509924679
0.368245,0.217017,14.224,0.03037538,0.2073076706079618,0.4820473,0.19351449509924679
0.7239,0.417944,14.224,0.03037538,0.2073076706079618,0.4820473,0.19351449509924679
0.368245,0.217017,12.446,0.03037538,0.2073076706079618,0.4820473,0.19351449509924679
0.7239,0.417944,12.446,0.03037538,0.2073076706079618,0.4820473,0.19351449509924679
-0.364276,0.218077,14.224,0.03037538,0.2073076706079618,0.4820473,0.19351449509924679
-0.36195,0.626916,14.224,0.03037538,0.2073076706079618,0.4820473,0.19351449509924679
-0.364276,0.218077,12.446,0.03037538,0.2073076706079618,0.4820473,0.19351449509924679
-0.36195,0.626916,12.446,0.03037538,0.2073076706079618,0.4820473,0.19351449509924679
-0.7239,0.417944,14.224,0.03037538,0.2073076706079618,0.4820473,0.19351449509924679
-0.7239,0.417944,12.446,0.03037538,0.2073076706079618,0.4820473,0.19351449509924679
-0.381395,-0.208972,14.224,0.03037538,0.2073076706079618,0.4820473,0.19351449509924679
-0.7239,5.55112e-17,14.224,0.03037538,0.2073076706079618,0.4820473,0.19351449509924679
-0.7239,-0.417944,14.224,0.03037538,0.2073076706079618,0.4820473,0.19351449509924679
-0.381395,-0.208972,12.446,0.03037538,0.2073076706079618,0.4820473,0.19351449509924679
-0.7239,5.55112e-17,12.446,0.03037538,0.2073076706079618,0.4820473,0.19351449509924679
-0.7239,-0.417944,12.446,0.03037538,0.2073076706079618,0.4820473,0.19351449509924679
0.0,-0.835888,14.224,0.03037538,0.2073076706079618,0.4820473,0.19351449509924679
-0.00972244,-0.434784,14.224,0.03037538,0.2073076706079618,0.4820473,0.19351449509924679
-0.36195,-0.626916,14.224,0.03037538,0.2073076706079618,0.4820473,0.19351449509924679
0.0,-0.835888,12.446,0.03037538,0.2073076706079618,0.4820473,0.19351449509924679
-0.00972244,-0.434784,12.446,0.03037538,0.2073076706079618,0.4820473,0.19351449509924679
-0.36195,-0.626916,12.446,0.03037538,0.2073076706079618,0.4820473,0.19351449509924679
0.371672,-0.225812,14.224,0.03037538,0.2073076706079618,0.4820473,0.19351449509924679
0.36195,-0.626916,14.224,0.03037538,0.2073076706079618,0.4820473,0.19351449509924679
0.371672,-0.225812,12.446,0.03037538,0.2073076706079618,0.4820473,0.19351449509924679
0.36195,-0.626916,12.446,0.03037538,0.2073076706079618,0.4820473,0.19351449509924679
0.7239,-0.417944,14.224,0.03037538,0.2073076706079618,0.4820473,0.19351449509924679
0.7239,-0.417944,12.446,0.03037538,0.2073076706079618,0.4820473,0.19351449509924679
0.7239,-5.55112e-17,14.224,0.03037538,0.2073076706079618,0.4820473,0.19351449509924679
0.7239,-5.55112e-17,12.446,0.03037538,0.2073076706079618,0.4820473,0.19351449509924679
0.00909704,-0.0185493,14.224,0.03037538,0.2073076706079618,0.4820473,0.19351449509924679
0.00909704,-0.0185493,12.446,0.03037538,0.2073076706079618,0.4820473,0.19351449509924679
0.0,0.835888,16.002,0.03160654,0.23952433512791652,0.5011853,0.35225664904284776
0.00636137,0.42521,16.002,0.03160654,0.23952433512791652,0.5011853,0.35225664904284776
0.36195,0.626916,16.002,0.03160654,0.23952433512791652,0.5011853,0.35225664904284776
0.0,0.835888,14.224,0.03160654,0.23952433512791652,0.5011853,0.35225664904284776
0.00636137,0.42521,14.224,0.03160654,0.23952433512791652,0.5011853,0.35225664904284776
0.36195,0.626916,14.224,0.03160654,0.23952433512791652,0.5011853,0.35225664904284776
0.368245,0.217017,16.002,0.03160654,0.23952433512791652,0.5011853,0.35225664904284776
0.7239,0.417944,16.002,0.03160654,0.23952433512791652,0.5011853,0.35225664904284776
0.368245,0.217017,14.224,0.03160654,0.23952433512791652,0.5011853,0.35225664904284776
0.7239,0.417944,14.224,0.03160654,0.23952433512791652,0.5011853,0.35225664904284776
-0.364276,0.218077,16.002,0.03160654,0.23952433512791652,0.5011853,0.35225664904284776
-0.36195,0.626916,16.002,0.03160654,0.23952433512791652,0.5011853,0.35225664904284776
-0.364276,0.218077,14.224,0.03160654,0.23952433512791652,0.5011853,0.35225664904284776
-0.36195,0.626916,14.224,0.03160654,0.23952433512791652,0.5011853,0.35225664904284776
-0.7239,0.417944,16.002,0.03160654,0.23952433512791652,0.5011853,0.35225664904284776
-0.7239,0.417944,14.224,0.03160654,0.23952433512791652,0.5011853,0.35225664904284776
-0.381395,-0.208972,16.002,0.03160654,0.23952433512791652,0.5011853,0.35225664904284776
-0.7239,5.55112e-17,16.002,0.03160654,0.23952433512791652,0.5011853,0.35225664904284776
-0.7239,-0.417944,16.002,0.03160654,0.23952433512791652,0.5011853,0.35225664904284776
-0.381395,-0.208972,14.224,0.03160654,0.23952433512791652,0.5011853,0.35225664904284776
-0.7239,5.55112e-17,14.224,0.03160654,0.23952433512791652,0.5011853,0.35225664904284776
-0.7239,-0.417944,14.224,0.03160654,0.23952433512791652,0.5011853,0.35225664904284776
0.0,-0.835888,16.002,0.03160654,0.23952433512791652,0.5011853,0.35225664904284776
-0.00972244,-0.434784,16.002,0.03160654,0.23952433512791652,0.5011853,0.35225664904284776
-0.36195,-0.626916,16.002,0.03160654,0.23952433512791652,0.5011853,0.35225664904284776
0.0,-0.835888,14.224,0.03160654,0.23952433512791652,0.5011853,0.35225664904284776
-0.00972244,-0.434784,14.224,0.03160654,0.23952433512791652,0.5011853,0.35225664904284776
-0.36195,-0.626916,14.224,0.03160654,0.23952433512791652,0.5011853,0.35225664904284776
0.371672,-0.225812,16.002,0.03160654,0.23952433512791652,0.5011853,0.35225664904284776
0.36195,-0.626916,16.002,0.03160654,0.23952433512791652,0.5011853,0.35225664904284776
0.371672,-0.225812,14.224,0.03160654,0.23952433512791652,0.5011853,0.35225664904284776
0.36195,-0.626916,14.224,0.03160654,0.23952433512791652,0.5011853,0.35225664904284776
0.7239,-0.417944,16.002,0.03160654,0.23952433512791652,0.5011853,0.35225664904284776
0.7239,-0.417944,14.224,0.03160654,0.23952433512791652,0.5011853,0.35225664904284776
0.7239,-5.55112e-17,16.002,0.03160654,0.23952433512791652,0.5011853,0.35225664904284776
0.7239,-5.55112e-17,14.224,0.03160654,0.23952433512791652,0.5011853,0.35225664904284776
0.00909704,-0.0185493,16.002,0.03160654,0.23952433512791652,0.5011853,0.35225664904284776
0.00909704,-0.0185493,14.224,0.03160654,0.23952433512791652,0.5011853,0.35225664904284776
0.0,0.835888,17.78,0.03216671,0.3882444829189154,0.5107372,0.222507280122088
0.00636137,0.42521,17.78,0.03216671,0.3882444829189154,0.5107372,0.222507280122088
0.36195,0.626916,17.78,0.03216671,0.3882444829189154,0.5107372,0.222507280122088
0.0,0.835888,16.002,0.03216671,0.3882444829189154,0.5107372,0.222507280122088
0.00636137,0.42521,16.002,0.03216671,0.3882444829189154,0.5107372,0.222507280122088
0.36195,0.626916,16.002,0.03216671,0.3882444829189154,0.5107372,0.222507280122088
0.368245,0.217017,17.78,0.03216671,0.3882444829189154,0.5107372,0.222507280122088
0.7239,0.417944,17.78,0.03216671,0.3882444829189154,0.5107372,0.222507280122088
0.368245,0.217017,16.002,0.03216671,0.3882444829189154,0.5107372,0.222507280122088
0.7239,0.417944,16.002,0.03216671,0.3882444829189154,0.5107372,0.222507280122088
-0.364276,0.218077,17.78,0.03216671,0.3882444829189154,0.5107372,0.222507280122088
-0.36195,0.626916,17.78,0.03216671,0.3882444829189154,0.5107372,0.222507280122088
-0.364276,0.218077,16.002,0.03216671,0.3882444829189154,0.5107372,0.222507280122088
-0.36195,0.626916,16.002,0.03216671,0.3882444829189154,0.5107372,0.222507280122088
-0.7239,0.417944,17.78,0.03216671,0.3882444829189154,0.5107372,0.222507280122088
-0.7239,0.417944,16.002,0.03216671,0.3882444829189154,0.5107372,0.222507280122088
-0.381395,-0.208972,17.78,0.03216671,0.3882444829189154,0.5107372,0.222507280122088
-0.7239,5.55112e-17,17.78,0.03216671,0.3882444829189154,0.5107372,0.222507280122088
-0.7239,-0.417944,17.78,0.03216671,0.3882444829189154,0.5107372,0.222507280122088
-0.381395,-0.208972,16.002,0.03216671,0.3882444829189154,0.5107372,0.222507280122088
-0.7239,5.55112e-17,16.002,0.03216671,0.3882444829189154,0.5107372,0.222507280122088
-0.7239,-0.417944,16.002,0.03216671,0.3882444829189154,0.5107372,0.222507280122088
0.0,-0.835888,17.78,0.03216671,0.3882444829189154,0.5107372,0.222507280122088
-0.00972244,-0.434784,17.78,0.03216671,0.3882444829189154,0.5107372,0.222507280122088
-0.36195,-0.626916,17.78,0.03216671,0.3882444829189154,0.5107372,0.222507280122088
0.0,-0.835888,16.002,0.03216671,0.3882444829189154,0.5107372,0.222507280122088
-0.00972244,-0.434784,16.002,0.03216671,0.3882444829189154,0.5107372,0.222507280122088
-0.36195,-0.626916,16.002,0.03216671,0.3882444829189154,0.5107372,0.222507280122088
0.371672,-0.225812,17.78,0.03216671,0.3882444829189154,0.5107372,0.222507280122088
0.36195,-0.626916,17.78,0.03216671,0.3882444829189154,0.5107372,0.222507280122088
0.371672,-0.225812,16.002,0.03216671,0.3882444829189154,0.5107372,0.222507280122088
0.36195,-0.626916,16.002,0.03216671,0.3882444829189154,0.5107372,0.222507280122088
0.7239,-0.417944,17.78,0.03216671,0.3882444829189154,0.5107372,0.222507280122088
0.7239,-0.417944,16.002,0.03216671,0.3882444829189154,0.5107372,0.222507280122088
0.7239,-5.55112e-17,17.78,0.03216671,0.3882444829189154,0.5107372,0.222507280122088
0.7239,-5.55112e-17,16.002,0.03216671,0.3882444829189154,0.5107372,0.222507280122088
0.00909704,-0.0185493,17.78,0.03216671,0.3882444829189154,0.5107372,0.222507280122088
0.00909704,-0.0185493,16.002,0.03216671,0.3882444829189154,0.5107372,0.222507280122088
0.0,0.835888,19.558,0.03216951,0.0,0.5106581,0.015487417012116644
0.00636137,0.42521,19.558,0.03216951,0.0,0.5106581,0.015487417012116644
0.36195,0.626916,19.558,0.03216951,0.0,0.5106581,0.015487417012116644
0.0,0.835888,17.78,0.03216951,0.0,0.5106581,0.015487417012116644
0.00636137,0.42521,17.78,0.03216951,0.0,0.5106581,0.015487417012116644
0.36195,0.626916,17.78,0.03216951,0.0,0.5106581,0.015487417012116644
0.368245,0.217017,19.558,0.03216951,0.0,0.5106581,0.015487417012116644
0.7239,0.417944,19.558,0.03216951,0.0,0.5106581,0.015487417012116644
0.368245,0.217017,17.78,0.03216951,0.0,0.5106581,0.015487417012116644
0.7239,0.417944,17.78,0.03216951,0.0,0.5106581,0.015487417012116644
-0.364276,0.218077,19.558,0.03216951,0.0,0.5106581,0.015487417012116644
-0.36195,0.626916,19.558,0.03216951,0.0,0.5106581,0.015487417012116644
-0.364276,0.218077,17.78,0.03216951,0.0,0.5106581,0.015487417012116644
-0.36195,0.626916,17.78,0.03216951,0.0,0.5106581,0.015487417012116644
-0.7239,0.417944,19.558,0.03216951,0.0,0.5106581,0.015487417012116644
-0.7239,0.417944,17.78,0.03216951,0.0,0.5106581,0.015487417012116644
-0.381395,-0.208972,19.558,0.03216951,0.0,0.5106581,0.015487417012116644
-0.7239,5.55112e-17,19.558,0.03216951,0.0,0.5106581,0.015487417012116644
-0.7239,-0.417944,19.558,0.03216951,0.0,0.5106581,0.015487417012116644
-0.381395,-0.208972,17.78,0.03216951,0.0,0.5106581,0.015487417012116644
-0.7239,5.55112e-17,17.78,0.03216951,0.0,0.5106581,0.015487417012116644
-0.7239,-0.417944,17.78,0.03216951,0.0,0.5106581,0.015487417012116644
0.0,-0.835888,19.558,0.03216951,0.0,0.5106581,0.015487417012116644
-0.00972244,-0.434784,19.558,0.03216951,0.0,0.5106581,0.015487417012116644
-0.36195,-0.626916,19.558,0.03216951,0.0,0.5106581,0.015487417012116644
0.0,-0.835888,17.78,0.03216951,0.0,0.5106581,0.015487417012116644
-0.00972244,-0.434784,17.78,0.03216951,0.0,0.5106581,0.015487417012116644
-0.36195,-0.626916,17.78,0.03216951,0.0,0.5106581,0.015487417012116644
0.371672,-0.225812,19.558,0.03216951,0.0,0.5106581,0.015487417012116644
0.36195,-0.626916,19.558,0.03216951,0.0,0.5106581,0.015487417012116644
0.371672,-0.225812,17.78,0.03216951,0.0,0.5106581,0.015487417012116644
0.36195,-0.626916,17.78,0.03216951,0.0,0.5106581,0.015487417012116644
0.7239,-0.417944,19.558,0.03216951,0.0,0.5106581,0.015487417012116644
0.7239,-0.417944,17.78,0.03216951,0.0,0.5106581,0.015487417012116644
0.7239,-5.55112e-17,19.558,0.03216951,0.0,0.5106581,0.015487417012116644
0.7239,-5.55112e-17,17.78,0.03216951,0.0,0.5106581,0.015487417012116644
0.00909704,-0.0185493,19.558,0.03216951,0.0,0.5106581,0.015487417012116644
0.00909704,-0.0185493,17.78,0.03216951,0.0,0.5106581,0.015487417012116644
0.0,0.835888,21.336,0.03154796,0.08426721696228145,0.5009455,0.02445403052853095
0.00636137,0.42521,21.336,0.03154796,0.08426721696228145,0.5009455,0.02445403052853095
0.36195,0.626916,21.336,0.03154796,0.08426721696228145,0.5009455,0.02445403052853095
0.0,0.835888,19.558,0.03154796,0.08426721696228145,0.5009455,0.02445403052853095
0.00636137,0.42521,19.558,0.03154796,0.08426721696228145,0.5009455,0.02445403052853095
0.36195,0.626916,19.558,0.03154796,0.08426721696228145,0.5009455,0.02445403052853095
0.368245,0.217017,21.336,0.03154796,0.08426721696228145,0.5009455,0.02445403052853095
0.7239,0.417944,21.336,0.03154796,0.08426721696228145,0.5009455,0.02445403052853095
0.368245,0.217017,19.558,0.03154796,0.08426721696228145,0.5009455,0.02445403052853095
0.7239,0.417944,19.558,0.03154796,0.08426721696228145,0.5009455,0.02445403052853095
-0.364276,0.218077,21.336,0.03154796,0.08426721696228145,0.5009455,0.02445403052853095
-0.36195,0.626916,21.336,0.03154796,0.08426721696228145,0.5009455,0.02445403052853095
-0.364276,0.218077,19.558,0.03154796,0.08426721696228145,0.5009455,0.02445403052853095
-0.36195,0.626916,19.558,0.03154796,0.08426721696228145,0.5009455,0.02445403052853095
-0.7239,0.417944,21.336,0.03154796,0.08426721696228145,0.5009455,0.02445403052853095
-0.7239,0.417944,19.558,0.03154796,0.08426721696228145,0.5009455,0.02445403052853095
-0.381395,-0.208972,21.336,0.03154796,0.08426721696228145,0.5009455,0.02445403052853095
-0.7239,5.55112e-17,21.336,0.03154796,0.08426721696228145,0.5009455,0.02445403052853095
-0.7239,-0.417944,21.336,0.03154796,0.08426721696228145,0.5009455,0.02445403052853095
-0.381395,-0.208972,19.558,0.03154796,0.08426721696228145,0.5009455,0.02445403052853095
-0.7239,5.55112e-17,19.558,0.03154796,0.08426721696228145,0.5009455,0.02445403052853095
-0.7239,-0.417944,19.558,0.03154796,0.08426721696228145,0.5009455,0.02445403052853095
0.0,-0.835888,21.336,0.03154796,0.08426721696228145,0.5009455,0.02445403052853095
-0.00972244,-0.434784,21.336,0.03154796,0.08426721696228145,0.5009455,0.02445403052853095
-0.36195,-0.626916,21.336,0.03154796,0.08426721696228145,0.5009455,0.02445403052853095
0.0,-0.835888,19.558,0.03154796,0.08426721696228145,0.5009455,0.02445403052853095
-0.00972244,-0.434784,19.558,0.03154796,0.08426721696228145,0.5009455,0.02445403052853095
-0.36195,-0.626916,19.558,0.03154796,0.08426721696228145,0.5009455,0.02445403052853095
0.371672,-0.225812,21.336,0.03154796,0.08426721696228145,0.5009455,0.02445403052853095
0.36195,-0.626916,21.336,0.03154796,0.08426721696228145,0.5009455,0.02445403052853095
0.371672,-0.225812,19.558,0.03154796,0.08426721696228145,0.5009455,0.02445403052853095
0.36195,-0.626916,19.558,0.03154796,0.08426721696228145,0.5009455,0.02445403052853095
0.7239,-0.417944,21.336,0.03154796,0.08426721696228145,0.5009455,0.02445403052853095
0.7239,-0.417944,19.558,0.03154796,0.08426721696228145,0.5009455,0.02445403052853095
0.7239,-5.55112e-17,21.336,0.03154796,0.08426721696228145,0.5009455,0.02445403052853095
0.7239,-5.55112e-17,19.558,0.03154796,0.08426721696228145,0.5009455,0.02445403052853095
0.00909704,-0.0185493,21.336,0.03154796,0.08426721696228145,0.5009455,0.02445403052853095
0.00909704,-0.0185493,19.558,0.03154796,0.08426721696228145,0.5009455,0.02445403052853095
0.0,0.835888,23.114,0.03033709,0.06532047445438689,0.4816981,0.0
0.00636137,0.42521,23.114,0.03033709,0.06532047445438689,0.4816981,0.0
0.36195,0.626916,23.114,0.03033709,0.06532047445438689,0.4816981,0.0
0.0,0.835888,21.336,0.03033709,0.06532047445438689,0.4816981,0.0
0.00636137,0.42521,21.336,0.03033709,0.06532047445438689,0.4816981,0.0
0.36195,0.626916,21.336,0.03033709,0.06532047445438689,0.4816981,0.0
0.368245,0.217017,23.114,0.03033709,0.06532047445438689,0.4816981,0.0
0.7239,0.417944,23.114,0.03033709,0.06532047445438689,0.4816981,0.0
0.368245,0.217017,21.336,0.03033709,0.06532047445438689,0.4816981,0.0
0.7239,0.417944,21.336,0.03033709,0.06532047445438689,0.4816981,0.0
-0.364276,0.218077,23.114,0.03033709,0.06532047445438689,0.4816981,0.0
-0.36195,0.626916,23.114,0.03033709,0.06532047445438689,0.4816981,0.0
-0.364276,0.218077,21.336,0.03033709,0.06532047445438689,0.4816981,0.0
-0.36195,0.626916,21.336,0.03033709,0.06532047445438689,0.4816981,0.0
-0.7239,0.417944,23.114,0.03033709,0.06532047445438689,0.4816981,0.0
-0.7239,0.417944,21.336,0.03033709,0.06532047445438689,0.4816981,0.0
-0.381395,-0.208972,23.114,0.03033709,0.06532047445438689,0.4816981,0.0
-0.7239,5.55112e-17,23.114,0.03033709,0.06532047445438689,0.4816981,0.0
-0.7239,-0.417944,23.114,0.03033709,0.06532047445438689,0.4816981,0.0
-0.381395,-0.208972,21.336,0.03033709,0.06532047445438689,0.4816981,0.0
-0.7239,5.55112e-17,21.336,0.03033709,0.06532047445438689,0.4816981,0.0
-0.7239,-0.417944,21.336,0.03033709,0.06532047445438689,0.4816981,0.0
0.0,-0.835888,23.114,0.03033709,0.06532047445438689,0.4816981,0.0
-0.00972244,-0.434784,23.114,0.03033709,0.06532047445438689,0.4816981,0.0
-0.36195,-0.626916,23.114,0.03033709,0.06532047445438689,0.4816981,0.0
0.0,-0.835888,21.336,0.03033709,0.06532047445438689,0.4816981,0.0
-0.00972244,-0.434784,21.336,0.03033709,0.06532047445438689,0.4816981,0.0
-0.36195,-0.626916,21.336,0.03033709,0.06532047445438689,0.4816981,0.0
0.371672,-0.225812,23.114,0.03033709,0.06532047445438689,0.4816981,0.0
0.36195,-0.626916,23.114,0.03033709,0.06532047445438689,0.4816981,0.0
0.371672,-0.225812,21.336,0.03033709,0.06532047445438689,0.4816981,0.0
0.36195,-0.626916,21.336,0.03033709,0.06532047445438689,0.4816981,0.0
0.7239,-0.417944,23.114,0.03033709,0.06532047445438689,0.4816981,0.0
0.7239,-0.417944,21.336,0.03033709,0.06532047445438689,0.4816981,0.0
0.7239,-5.55112e-17,23.114,0.03033709,0.06532047445438689,0.4816981,0.0
0.7239,-5.55112e-17,21.336,0.03033709,0.06532047445438689,0.4816981,0.0
0.00909704,-0.0185493,23.114,0.03033709,0.06532047445438689,0.4816981,0.0
0.00909704,-0.0185493,21.336,0.03033709,0.06532047445438689,0.4816981,0.0
0.0,0.835888,24.892,0.0285475,0.20136303282230236,0.4532858,0.019870262635046373
0.00636137,0.42521,24.892,0.0285475,0.20136303282230236,0.4532858,0.019870262635046373
0.36195,0.626916,24.892,0.0285475,0.20136303282230236,0.4532858,0.019870262635046373
0.0,0.835888,23.114,0.0285475,0.20136303282230236,0.4532858,0.019870262635046373
0.00636137,0.42521,23.114,0.0285475,0.20136303282230236,0.4532858,0.019870262635046373
0.36195,0.626916,23.114,0.0285475,0.20136303282230236,0.4532858,0.019870262635046373
0.368245,0.217017,24.892,0.0285475,0.20136303282230236,0.4532858,0.019870262635046373
0.7239,0.417944,24.892,0.0285475,0.20136303282230236,0.4532858,0.019870262635046373
0.368245,0.217017,23.114,0.0285475,0.20136303282230236,0.4532858,0.019870262635046373
0.7239,0.417944,23.114,0.0285475,0.20136303282230236,0.4532858,0.019870262635046373
-0.364276,0.218077,24.892,0.0285475,0.20136303282230236,0.4532858,0.019870262635046373
-0.36195,0.626916,24.892,0.0285475,0.20136303282230236,0.4532858,0.019870262635046373
-0.364276,0.218077,23.114,0.0285475,0.20136303282230236,0.4532858,0.019870262635046373
-0.36195,0.626916,23.114,0.0285475,0.20136303282230236,0.4532858,0.019870262635046373
-0.7239,0.417944,24.892,0.0285475,0.20136303282230236,0.4532858,0.019870262635046373
-0.7239,0.417944,23.114,0.0285475,0.20136303282230236,0.4532858,0.019870262635046373
-0.381395,-0.208972,24.892,0.0285475,0.20136303282230236,0.4532858,0.019870262635046373
-0.7239,5.55112e-17,24.892,0.0285475,0.20136303282230236,0.4532858,0.019870262635046373
-0.7239,-0.417944,24.892,0.0285475,0.20136303282230236,0.4532858,0.019870262635046373
-0.381395,-0.208972,23.114,0.0285475,0.20136303282230236,0.4532858,0.019870262635046373
-0.7239,5.55112e-17,23.114,0.0285475,0.20136303282230236,0.4532858,0.019870262635046373
-0.7239,-0.417944,23.114,0.0285475,0.20136303282230236,0.4532858,0.019870262635046373
0.0,-0.835888,24.892,0.0285475,0.20136303282230236,0.4532858,0.019870262635046373
-0.00972244,-0.434784,24.892,0.0285475,0.20136303282230236,0.4532858,0.019870262635046373
-0.36195,-0.626916,24.892,0.0285475,0.20136303282230236,0.4532858,0.019870262635046373
0.0,-0.835888,23.114,0.0285475,0.20136303282230236,0.4532858,0.019870262635046373
-0.00972244,-0.434784,23.114,0.0285475,0.20136303282230236,0.4532858,0.019870262635046373
-0.36195,-0.626916,23.114,0.0285475,0.20136303282230236,0.4532858,0.019870262635046373
0.371672,-0.225812,24.892,0.0285475,0.20136303282230236,0.4532858,0.019870262635046373
0.36195,-0.626916,24.892,0.0285475,0.20136303282230236,0.4532858,0.019870262635046373
0.371672,-0.225812,23.114,0.0285475,0.20136303282230236,0.4532858,0.019870262635046373
0.36195,-0.626916,23.114,0.0285475,0.20136303282230236,0.4532858,0.019870262635046373
0.7239,-0.417944,24.892,0.0285475,0.20136303282230236,0.4532858,0.019870262635046373
0.7239,-0.417944,23.114,0.0285475,0.20136303282230236,0.4532858,0.019870262635046373
0.7239,-5.55112e-17,24.892,0.0285475,0.20136303282230236,0.4532858,0.019870262635046373
0.7239,-5.55112e-17,23.114,0.0285475,0.20136303282230236,0.4532858,0.019870262635046373
0.00909704,-0.0185493,24.892,0.0285475,0.20136303282230236,0.4532858,0.019870262635046373
0.00909704,-0.0185493,23.114,0.0285475,0.20136303282230236,0.4532858,0.019870262635046373
0.0,0.835888,26.67,0.02619274,0.12860068053724952,0.416054,0.029556120761937074
0.00636137,0.42521,26.67,0.02619274,0.12860068053724952,0.416054,0.029556120761937074
0.36195,0.626916,26.67,0.02619274,0.12860068053724952,0.416054,0.029556120761937074
0.0,0.835888,24.892,0.02619274,0.12860068053724952,0.416054,0.029556120761937074
0.00636137,0.42521,24.892,0.02619274,0.12860068053724952,0.416054,0.029556120761937074
0.36195,0.626916,24.892,0.02619274,0.12860068053724952,0.416054,0.029556120761937074
0.368245,0.217017,26.67,0.02619274,0.12860068053724952,0.416054,0.029556120761937074
0.7239,0.417944,26.67,0.02619274,0.12860068053724952,0.416054,0.029556120761937074
0.368245,0.217017,24.892,0.02619274,0.12860068053724952,0.416054,0.029556120761937074
0.7239,0.417944,24.892,0.02619274,0.12860068053724952,0.416054,0.029556120761937074
-0.364276,0.218077,26.67,0.02619274,0.12860068053724952,0.416054,0.029556120761937074
-0.36195,0.626916,26.67,0.02619274,0.12860068053724952,0.416054,0.029556120761937074
-0.364276,0.218077,24.892,0.02619274,0.12860068053724952,0.416054,0.029556120761937074
-0.36195,0.626916,24.892,0.02619274,0.12860068053724952,0.416054,0.029556120761937074
-0.7239,0.417944,26.67,0.02619274,0.12860068053724952,0.416054,0.029556120761937074
-0.7239,0.417944,24.892,0.02619274,0.12860068053724952,0.416054,0.029556120761937074
-0.381395,-0.208972,26.67,0.02619274,0.12860068053724952,0.416054,0.029556120761937074
-0.7239,5.55112e-17,26.67,0.02619274,0.12860068053724952,0.416054,0.029556120761937074
-0.7239,-0.417944,26.67,0.02619274,0.12860068053724952,0.416054,0.029556120761937074
-0.381395,-0.208972,24.892,0.02619274,0.12860068053724952,0.416054,0.029556120761937074
-0.7239,5.55112e-17,24.892,0.02619274,0.12860068053724952,0.416054,0.029556120761937074
-0.7239,-0.417944,24.892,0.02619274,0.12860068053724952,0.416054,0.029556120761937074
0.0,-0.835888,26.67,0.02619274,0.12860068053724952,0.416054,0.029556120761937074
-0.00972244,-0.434784,26.67,0.02619274,0.12860068053724952,0.416054,0.029556120761937074
-0.36195,-0.626916,26.67,0.02619274,0.12860068053724952,0.416054,0.029556120761937074
0.0,-0.835888,24.892,0.02619274,0.12860068053724952,0.416054,0.029556120761937074
-0.00972244,-0.434784,24.892,0.02619274,0.12860068053724952,0.416054,0.029556120761937074
-0.36195,-0.626916,24.892,0.02619274,0.12860068053724952,0.416054,0.029556120761937074
0.371672,-0.225812,26.67,0.02619274,0.12860068053724952,0.416054,0.029556120761937074
0.36195,-0.626916,26.67,0.02619274,0.12860068053724952,0.416054,0.029556120761937074
0.371672,-0.225812,24.892,0.02619274,0.12860068053724952,0.416054,0.029556120761937074
0.36195,-0.626916,24.892,0.02619274,0.12860068053724952,0.416054,0.029556120761937074
0.7239,-0.417944,26.67,0.02619274,0.12860068053724952,0.416054,0.029556120761937074
0.7239,-0.417944,24.892,0.02619274,0.12860068053724952,0.416054,0.029556120761937074
0.7239,-5.55112e-17,26.67,0.02619274,0.12860068053724952,0.416054,0.029556120761937074
0.7239,-5.55112e-17,24.892,0.02619274,0.12860068053724952,0.416054,0.029556120761937074
0.00909704,-0.0185493,26.67,0.02619274,0.12860068053724952,0.416054,0.029556120761937074
0.00909704,-0.0185493,24.892,0.02619274,0.12860068053724952,0.416054,0.029556120761937074
0.0,0.835888,28.448,0.02327071,0.016099074372899095,0.3705323,0.07184865523084745
0.00636137,0.42521,28.448,0.02327071,0.016099074372899095,0.3705323,0.07184865523084745
0.36195,0.626916,28.448,0.02327071,0.016099074372899095,0.3705323,0.07184865523084745
0.0,0.835888,26.67,0.02327071,0.016099074372899095,0.3705323,0.07184865523084745
0.00636137,0.42521,26.67,0.02327071,0.016099074372899095,0.3705323,0.07184865523084745
0.36195,0.626916,26.67,0.02327071,0.016099074372899095,0.3705323,0.07184865523084745
0.368245,0.217017,28.448,0.02327071,0.016099074372899095,0.3705323,0.07184865523084745
0.7239,0.417944,28.448,0.02327071,0.016099074372899095,0.3705323,0.07184865523084745
0.368245,0.217017,26.67,0.02327071,0.016099074372899095,0.3705323,0.07184865523084745
0.7239,0.417944,26.67,0.02327071,0.016099074372899095,0.3705323,0.07184865523084745
-0.364276,0.218077,28.448,0.02327071,0.016099074372899095,0.3705323,0.07184865523084745
-0.36195,0.626916,28.448,0.02327071,0.016099074372899095,0.3705323,0.07184865523084745
-0.364276,0.218077,26.67,0.02327071,0.016099074372899095,0.3705323,0.07184865523084745
-0.36195,0.626916,26.67,0.02327071,0.016099074372899095,0.3705323,0.07184865523084745
-0.7239,0.417944,28.448,0.02327071,0.016099074372899095,0.3705323,0.07184865523084745
-0.7239,0.417944,26.67,0.02327071,0.016099074372899095,0.3705323,0.07184865523084745
-0.381395,-0.208972,28.448,0.02327071,0.016099074372899095,0.3705323,0.07184865523084745
-0.7239,5.55112e-17,28.448,0.02327071,0.016099074372899095,0.3705323,0.07184865523084745
-0.7239,-0.417944,28.448,0.02327071,0.016099074372899095,0.3705323,0.07184865523084745
-0.381395,-0.208972,26.67,0.02327071,0.016099074372899095,0.3705323,0.07184865523084745
-0.7239,5.55112e-17,26.67,0.02327071,0.016099074372899095,0.3705323,0.07184865523084745
-0.7239,-0.417944,26.67,0.02327071,0.016099074372899095,0.3705323,0.07184865523084745
0.0,-0.835888,28.448,0.02327071,0.016099074372899095,0.3705323,0.07184865523084745
-0.00972244,-0.434784,28.448,0.02327071,0.016099074372899095,0.3705323,0.07184865523084745
-0.36195,-0.626916,28.448,0.02327071,0.016099074372899095,0.3705323,0.07184865523084745
0.0,-0.835888,26.67,0.02327071,0.016099074372899095,0.3705323,0.07184865523084745
-0.00972244,-0.434784,26.67,0.02327071,0.016099074372899095,0.3705323,0.07184865523084745
-0.36195,-0.626916,26.67,0.02327071,0.016099074372899095,0.3705323,0.07184865523084745
0.371672,-0.225812,28.448,0.02327071,0.016099074372899095,0.3705323,0.07184865523084745
0.36195,-0.626916,28.448,0.02327071,0.016099074372899095,0.3705323,0.07184865523084745
0.371672,-0.225812,26.67,0.02327071,0.016099074372899095,0.3705323,0.07184865523084745
0.36195,-0.626916,26.67,0.02327071,0.016099074372899095,0.3705323,0.07184865523084745
0.7239,-0.417944,28.448,0.02327071,0.016099074372899095,0.3705323,0.07184865523084745
0.7239,-0.417944,26.67,0.02327071,0.016099074372899095,0.3705323,0.07184865523084745
0.7239,-5.55112e-17,28.448,0.02327071,0.016099074372899095,0.3705323,0.07184865523084745
0.7239,-5.55112e-17,26.67,0.02327071,0.016099074372899095,0.3705323,0.07184865523084745
0.00909704,-0.0185493,28.448,0.02327071,0.016099074372899095,0.3705323,0.07184865523084745
0.00909704,-0.0185493,26.67,0.02327071,0.016099074372899095,0.3705323,0.07184865523084745
0.0,0.835888,30.226,0.01984981,0.16462307259843864,0.3172505,0.12285227880495536
0.00636137,0.42521,30.226,0.01984981,0.16462307259843864,0.3172505,0.12285227880495536
0.36195,0.626916,30.226,0.01984981,0.16462307259843864,0.3172505,0.12285227880495536
0.0,0.835888,28.448,0.01984981,0.16462307259843864,0.3172505,0.12285227880495536
0.00636137,0.42521,28.448,0.01984981,0.16462307259843864,0.3172505,0.12285227880495536
0.36195,0.626916,28.448,0.01984981,0.16462307259843864,0.3172505,0.12285227880495536
0.368245,0.217017,30.226,0.01984981,0.16462307259843864,0.3172505,0.12285227880495536
0.7239,0.417944,30.226,0.01984981,0.16462307259843864,0.3172505,0.12285227880495536
0.368245,0.217017,28.448,0.01984981,0.16462307259843864,0.3172505,0.12285227880495536
0.7239,0.417944,28.448,0.01984981,0.16462307259843864,0.3172505,0.12285227880495536
-0.364276,0.218077,30.226,0.01984981,0.16462307259843864,0.3172505,0.12285227880495536
-0.36195,0.626916,30.226,0.01984981,0.16462307259843864,0.3172505,0.12285227880495536
-0.364276,0.218077,28.448,0.01984981,0.16462307259843864,0.3172505,0.12285227880495536
-0.36195,0.626916,28.448,0.01984981,0.16462307259843864,0.3172505,0.12285227880495536
-0.7239,0.417944,30.226,0.01984981,0.16462307259843864,0.3172505,0.12285227880495536
-0.7239,0.417944,28.448,0.01984981,0.16462307259843864,0.3172505,0.12285227880495536
-0.381395,-0.208972,30.226,0.01984981,0.16462307259843864,0.3172505,0.12285227880495536
-0.7239,5.55112e-17,30.226,0.01984981,0.16462307259843864,0.3172505,0.12285227880495536
-0.7239,-0.417944,30.226,0.01984981,0.16462307259843864,0.3172505,0.12285227880495536
-0.381395,-0.208972,28.448,0.01984981,0.16462307259843864,0.3172505,0.12285227880495536
-0.7239,5.55112e-17,28.448,0.01984981,0.16462307259843864,0.3172505,0.12285227880495536
-0.7239,-0.417944,28.448,0.01984981,0.16462307259843864,0.3172505,0.12285227880495536
0.0,-0.835888,30.226,0.01984981,0.16462307259843864,0.3172505,0.12285227880495536
-0.00972244,-0.434784,30.226,0.01984981,0.16462307259843864,0.3172505,0.12285227880495536
-0.36195,-0.626916,30.226,0.01984981,0.16462307259843864,0.3172505,0.12285227880495536
0.0,-0.835888,28.448,0.01984981,0.16462307259843864,0.3172505,0.12285227880495536
-0.00972244,-0.434784,28.448,0.01984981,0.16462307259843864,0.3172505,0.12285227880495536
-0.36195,-0.626916,28.448,0.01984981,0.16462307259843864,0.3172505,0.12285227880495536
0.371672,-0.225812,30.226,0.01984981,0.16462307259843864,0.3172505,0.12285227880495536
0.36195,-0.626916,30.226,0.01984981,0.16462307259843864,0.3172505,0.12285227880495536
0.371672,-0.225812,28.448,0.01984981,0.16462307259843864,0.3172505,0.12285227880495536
0.36195,-0.626916,28.448,0.01984981,0.16462307259843864,0.3172505,0.12285227880495536
0.7239,-0.417944,30.226,0.01984981,0.16462307259843864,0.3172505,0.12285227880495536
0.7239,-0.417944,28.448,0.01984981,0.16462307259843864,0.3172505,0.12285227880495536
0.7239,-5.55112e-17,30.226,0.01984981,0.16462307259843864,0.3172505,0.12285227880495536
0.7239,-5.55112e-17,28.448,0.01984981,0.16462307259843864,0.3172505,0.12285227880495536
0.00909704,-0.0185493,30.226,0.01984981,0.16462307259843864,0.3172505,0.12285227880495536
0.00909704,-0.0185493,28.448,0.01984981,0.16462307259843864,0.3172505,0.12285227880495536
0.0,0.835888,32.004,0.0158521,0.2132054191085945,0.2568002,0.09006790577744964
0.00636137,0.42521,32.004,0.0158521,0.2132054191085945,0.2568002,0.09006790577744964
0.36195,0.626916,32.004,0.0158521,0.2132054191085945,0.2568002,0.09006790577744964
0.0,0.835888,30.226,0.0158521,0.2132054191085945,0.2568002,0.09006790577744964
0.00636137,0.42521,30.226,0.0158521,0.2132054191085945,0.2568002,0.09006790577744964
0.36195,0.626916,30.226,0.0158521,0.2132054191085945,0.2568002,0.09006790577744964
0.368245,0.217017,32.004,0.0158521,0.2132054191085945,0.2568002,0.09006790577744964
0.7239,0.417944,32.004,0.0158521,0.2132054191085945,0.2568002,0.09006790577744964
0.368245,0.217017,30.226,0.0158521,0.2132054191085945,0.2568002,0.09006790577744964
0.7239,0.417944,30.226,0.0158521,0.2132054191085945,0.2568002,0.09006790577744964
-0.364276,0.218077,32.004,0.0158521,0.2132054191085945,0.2568002,0.09006790577744964
-0.36195,0.626916,32.004,0.0158521,0.2132054191085945,0.2568002,0.09006790577744964
-0.364276,0.218077,30.226,0.0158521,0.2132054191085945,0.2568002,0.09006790577744964
-0.36195,0.626916,30.226,0.0158521,0.2132054191085945,0.2568002,0.09006790577744964
-0.7239,0.417944,32.004,0.0158521,0.2132054191085945,0.2568002,0.09006790577744964
-0.7239,0.417944,30.226,0.0158521,0.2132054191085945,0.2568002,0.09006790577744964
-0.381395,-0.208972,32.004,0.0158521,0.2132054191085945,0.2568002,0.09006790577744964
-0.7239,5.55112e-17,32.004,0.0158521,0.2132054191085945,0.2568002,0.09006790577744964
-0.7239,-0.417944,32.004,0.0158521,0.2132054191085945,0.2568002,0.09006790577744964
-0.381395,-0.208972,30.226,0.0158521,0.2132054191085945,0.2568002,0.09006790577744964
-0.7239,5.55112e-17,30.226,0.0158521,0.2132054191085945,0.2568002,0.09006790577744964
-0.7239,-0.417944,30.226,0.0158521,0.2132054191085945,0.2568002,0.09006790577744964
0.0,-0.835888,32.004,0.0158521,0.2132054191085945,0.2568002,0.09006790577744964
-0.00972244,-0.434784,32.004,0.0158521,0.2132054191085945,0.2568002,0.09006790577744964
-0.36195,-0.626916,32.004,0.0158521,0.2132054191085945,0.2568002,0.09006790577744964
0.0,-0.835888,30.226,0.0158521,0.2132054191085945,0.2568002,0.09006790577744964
-0.00972244,-0.434784,30.226,0.0158521,0.2132054191085945,0.2568002,0.09006790577744964
-0.36195,-0.626916,30.226,0.0158521,0.2132054191085945,0.2568002,0.09006790577744964
0.371672,-0.225812,32.004,0.0158521,0.2132054191085945,0.2568002,0.09006790577744964
0.36195,-0.626916,32.004,0.0158521,0.2132054191085945,0.2568002,0.09006790577744964
0.371672,-0.225812,30.226,0.0158521,0.2132054191085945,0.2568002,0.09006790577744964
0.36195,-0.626916,30.226,0.0158521,0.2132054191085945,0.2568002,0.09006790577744964
0.7239,-0.417944,32.004,0.0158521,0.2132054191085945,0.2568002,0.09006790577744964
0.7239,-0.417944,30.226,0.0158521,0.2132054191085945,0.2568002,0.09006790577744964
0.7239,-5.55112e-17,32.004,0.0158521,0.2132054191085945,0.2568002,0.09006790577744964
0.7239,-5.55112e-17,30.226,0.0158521,0.2132054191085945,0.2568002,0.09006790577744964
0.00909704,-0.0185493,32.004,0.0158521,0.2132054191085945,0.2568002,0.09006790577744964
0.00909704,-0.0185493,30.226,0.0158521,0.2132054191085945,0.2568002,0.09006790577744964
0.0,0.835888,33.782,0.01129845,0.03144030659291737,0.1896008,0.18739016647439813
0.00636137,0.42521,33.782,0.01129845,0.03144030659291737,0.1896008,0.18739016647439813
0.36195,0.626916,33.782,0.01129845,0.03144030659291737,0.1896008,0.18739016647439813
0.0,0.835888,32.004,0.01129845,0.03144030659291737,0.1896008,0.18739016647439813
0.00636137,0.42521,32.004,0.01129845,0.03144030659291737,0.1896008,0.18739016647439813
0.36195,0.626916,32.004,0.01129845,0.03144030659291737,0.1896008,0.18739016647439813
0.368245,0.217017,33.782,0.01129845,0.03144030659291737,0.1896008,0.18739016647439813
0.7239,0.417944,33.782,0.01129845,0.03144030659291737,0.1896008,0.18739016647439813
0.368245,0.217017,32.004,0.01129845,0.03144030659291737,0.1896008,0.18739016647439813
0.7239,0.417944,32.004,0.01129845,0.03144030659291737,0.1896008,0.18739016647439813
-0.364276,0.218077,33.782,0.01129845,0.03144030659291737,0.1896008,0.18739016647439813
-0.36195,0.626916,33.782,0.01129845,0.03144030659291737,0.1896008,0.18739016647439813
-0.364276,0.218077,32.004,0.01129845,0.03144030659291737,0.1896008,0.18739016647439813
-0.36195,0.626916,32.004,0.01129845,0.03144030659291737,0.1896008,0.18739016647439813
-0.7239,0.417944,33.782,0.01129845,0.03144030659291737,0.1896008,0.18739016647439813
-0.7239,0.417944,32.004,0.01129845,0.03144030659291737,0.1896008,0.18739016647439813
-0.381395,-0.208972,33.782,0.01129845,0.03144030659291737,0.1896008,0.18739016647439813
-0.7239,5.55112e-17,33.782,0.01129845,0.03144030659291737,0.1896008,0.18739016647439813
-0.7239,-0.417944,33.782,0.01129845,0.03144030659291737,0.1896008,0.18739016647439813
-0.381395,-0.208972,32.004,0.01129845,0.03144030659291737,0.1896008,0.18739016647439813
-0.7239,5.55112e-17,32.004,0.01129845,0.03144030659291737,0.1896008,0.18739016647439813
-0.7239,-0.417944,32.004,0.01129845,0.03144030659291737,0.1896008,0.18739016647439813
0.0,-0.835888,33.782,0.01129845,0.03144030659291737,0.1896008,0.18739016647439813
-0.00972244,-0.434784,33.782,0.01129845,0.03144030659291737,0.1896008,0.18739016647439813
-0.36195,-0.626916,33.782,0.01129845,0.03144030659291737,0.1896008,0.18739016647439813
0.0,-0.835888,32.004,0.01129845,0.03144030659291737,0.1896008,0.18739016647439813
-0.00972244,-0.434784,32.004,0.01129845,0.03144030659291737,0.1896008,0.18739016647439813
-0.36195,-0.626916,32.004,0.01129845,0.03144030659291737,0.1896008,0.18739016647439813
0.371672,-0.225812,33.782,0.01129845,0.03144030659291737,0.1896008,0.18739016647439813
0.36195,-0.626916,33.782,0.01129845,0.03144030659291737,0.1896008,0.18739016647439813
0.371672,-0.225812,32.004,0.01129845,0.03144030659291737,0.1896008,0.18739016647439813
0.36195,-0.626916,32.004,0.01129845,0.03144030659291737,0.1896008,0.18739016647439813
0.7239,-0.417944,33.782,0.01129845,0.03144030659291737,0.1896008,0.18739016647439813
0.7239,-0.417944,32.004,0.01129845,0.03144030659291737,0.1896008,0.18739016647439813
0.7239,-5.55112e-17,33.782,0.01129845,0.03144030659291737,0.1896008,0.18739016647439813
0.7239,-5.55112e-17,32.004,0.01129845,0.03144030659291737,0.1896008,0.18739016647439813
0.00909704,-0.0185493,33.782,0.01129845,0.03144030659291737,0.1896008,0.18739016647439813
0.00909704,-0.0185493,32.004,0.01129845,0.03144030659291737,0.1896008,0.18739016647439813
0.0,0.835888,35.56,0.005840268,2.047088907778746,0.1120887,1.2451543893683779
0.00636137,0.42521,35.56,0.005840268,2.047088907778746,0.1120887,1.2451543893683779
0.36195,0.626916,35.56,0.005840268,2.047088907778746,0.1120887,1.2451543893683779
0.0,0.835888,33.782,0.005840268,2.047088907778746,0.1120887,1.2451543893683779
0.00636137,0.42521,33.782,0.005840268,2.047088907778746,0.1120887,1.2451543893683779
0.36195,0.626916,33.782,0.005840268,2.047088907778746,0.1120887,1.2451543893683779
0.368245,0.217017,35.56,0.005840268,2.047088907778746,0.1120887,1.2451543893683779
0.7239,0.417944,35.56,0.005840268,2.047088907778746,0.1120887,1.2451543893683779
0.368245,0.217017,33.782,0.005840268,2.047088907778746,0.1120887,1.2451543893683779
0.7239,0.417944,33.782,0.005840268,2.047088907778746,0.1120887,1.2451543893683779
-0.364276,0.218077,35.56,0.005840268,2.047088907778746,0.1120887,1.2451543893683779
-0.36195,0.626916,35.56,0.005840268,2.047088907778746,0.1120887,1.2451543893683779
-0.364276,0.218077,33.782,0.005840268,2.047088907778746,0.1120887,1.2451543893683779
-0.36195,0.626916,33.782,0.005840268,2.047088907778746,0.1120887,1.2451543893683779
-0.7239,0.417944,35.56,0.005840268,2.047088907778746,0.1120887,1.2451543893683779
-0.7239,0.417944,33.782,0.005840268,2.047088907778746,0.1120887,1.2451543893683779
-0.381395,-0.208972,35.56,0.005840268,2.047088907778746,0.1120887,1.2451543893683779
-0.7239,5.55112e-17,35.56,0.005840268,2.047088907778746,0.1120887,1.2451543893683779
-0.7239,-0.417944,35.56,0.005840268,2.047088907778746,0.1120887,1.2451543893683779
-0.381395,-0.208972,33.782,0.005840268,2.047088907778746,0.1120887,1.2451543893683779
-0.7239,5.55112e-17,33.782,0.005840268,2.047088907778746,0.1120887,1.2451543893683779
-0.7239,-0.417944,33.782,0.005840268,2.047088907778746,0.1120887,1.2451543893683779
0.0,-0.835888,35.56,0.005840268,2.047088907778746,0.1120887,1.2451543893683779
-0.00972244,-0.434784,35.56,0.005840268,2.047088907778746,0.1120887,1.2451543893683779
-0.36195,-0.626916,35.56,0.005840268,2.047088907778746,0.1120887,1.2451543893683779
0.0,-0.835888,33.782,0.005840268,2.047088907778746,0.1120887,1.2451543893683779
-0.00972244,-0.434784,33.782,0.005840268,2.047088907778746,0.1120887,1.2451543893683779
-0.36195,-0.626916,33.782,0.005840268,2.047088907778746,0.1120887,1.2451543893683779
0.371672,-0.225812,35.56,0.005840268,2.047088907778746,0.1120887,1.2451543893683779
0.36195,-0.626916,35.56,0.005840268,2.047088907778746,0.1120887,1.2451543893683779
0.371672,-0.225812,33.782,0.005840268,2.047088907778746,0.1120887,1.2451543893683779
0.36195,-0.626916,33.782,0.005840268,2.047088907778746,0.1120887,1.2451543893683779
0.7239,-0.417944,35.56,0.005840268,2.047088907778746,0.1120887,1.2451543893683779
0.7239,-0.417944,33.782,0.005840268,2.047088907778746,0.1120887,1.2451543893683779
0.7239,-5.55112e-17,35.56,0.005840268,2.047088907778746,0.1120887,1.2451543893683779
0.7239,-5.55112e-17,33.782,0.005840268,2.047088907778746,0.1120887,1.2451543893683779
0.00909704,-0.0185493,35.56,0.005840268,2.047088907778746,0.1120887,1.2451543893683779
0.00909704,-0.0185493,33.782,0.005840268,2.047088907778746,0.1120887,1.2451543893683779
